Site Number,State,Country
43604,MI,USA
43605,NC,USA
43606,IL,USA
43607,PA,USA
43612,PA,USA
43613,IN,USA
43614,IA,USA
43615,DC,USA
43617,TX,USA
43618,OH,USA
43619,IL,USA
43620,LA,USA
43622,SC,USA
43626,FL,USA
43628,PA,USA
43629,NY,USA
43630,TX,USA
43631,NY,USA
43632,MO,USA
43633,VA,USA
43634,CA,USA
43637,IN,USA
43638,CA,USA
43640,CA,USA
43641,OH,USA
43642,RI,USA
43643,CA,USA
43645,LA,USA
43650,IA,USA
43651,MI,USA
43652,TN,USA
43654,MI,USA
43656,VA,USA
43659,PA,USA
43660,MI,USA
43661,CA,USA
43662,TN,USA
43663,NY,USA
43664,GA,USA
43665,TX,USA
43667,IL,USA
43668,AZ,USA
43669,CA,USA
43671,IN,USA
43672,FL,USA
43673,CA,USA
43674,NY,USA
43675,NY,USA
43677,SC,USA
43679,OH,USA
43680,KY,USA
43682,TN,USA
43683,MA,USA
43684,NY,USA
43685,TX,USA
43686,FL,USA
43688,MD,USA
43689,NE,USA
43690,WA,USA
43691,WI,USA
43692,WI,USA
43695,CA,USA
43696,IN,USA
43698,FL,USA
43699,FL,USA
43702,WV,USA
43703,NC,USA
43705,CA,USA
43706,MO,USA
43708,CA,USA
43710,NJ,USA
43711,LA,USA
43713,AL,USA
43715,CA,USA
43717,CA,USA
43719,CA,USA
43720,VT,USA
43722,NV,USA
43723,FL,USA
43726,NC,USA
43728,IN,USA
43729,CA,USA
43731,DC,USA
43733,AZ,USA
43734,FL,USA
43736,TX,USA
43737,CA,USA
43739,OH,USA
43741,OH,USA
43742,WI,USA
43743,MO,USA
43744,FL,USA
43745,ME,USA
43746,AL,USA
43748,NY,USA
43751,LA,USA
43754,KS,USA
43755,IL,USA
43757,KY,USA
43758,WI,USA
43759,CA,USA
43761,TX,USA
43762,TX,USA
43763,TN,USA
43765,OK,USA
43767,VA,USA
43769,OH,USA
43770,TX,USA
43771,AZ,USA
43772,UT,USA
43773,PA,USA
43776,MD,USA
43777,CA,USA
43778,NC,USA
43779,MD,USA
43780,TN,USA
43781,SD,USA
43783,AL,USA
43785,OK,USA
43786,IA,USA
43787,NV,USA
43789,NJ,USA
43790,NE,USA
43793,WA,USA
43794,NY,USA
43795,CT,USA
43798,AL,USA
43800,TN,USA
43801,NC,USA
43803,PA,USA
43804,KS,USA
43806,MI,USA
43810,GA,USA
43811,MI,USA
43812,TX,USA
43813,MO,USA
43814,IL,USA
43815,TX,USA
43816,MI,USA
43818,VA,USA
43820,TX,USA
43822,MI,USA
43825,OH,USA
43827,FL,USA
43828,CO,USA
43829,TX,USA
43831,CA,USA
43832,CA,USA
43834,CA,USA
43835,CA,USA
43836,CA,USA
43837,DC,USA
43838,FL,USA
43839,FL,USA
43840,FL,USA
43846,IN,USA
43847,MA,USA
43850,MO,USA
43851,MS,USA
43852,NC,USA
43853,NV,USA
43854,NY,USA
43855,NY,USA
43856,NY,USA
43857,OH,USA
43859,OH,USA
43860,PA,USA
43861,RI,USA
43864,TN,USA
43865,TN,USA
43866,TX,USA
43868,TX,USA
43870,WI,USA
43871,UT,USA
43872,VA,USA
43873,FL,USA
43874,FL,USA
43875,CO,USA
43876,MD,USA
43877,AR,USA
43878,NJ,USA
43879,CO,USA
43880,TX,USA
43881,FL,USA
43884,TX,USA
43885,OK,USA
43888,OH,USA
43889,TN,USA
43890,KY,USA
43892,TX,USA
43893,UT,USA
43894,NC,USA
43895,FL,USA
43896,AZ,USA
43898,MA,USA
43899,NC,USA
43900,KS,USA
43901,IN,USA
43902,FL,USA
43904,CA,USA
43905,MO,USA
43906,RI,USA
43907,KY,USA
43908,NC,USA
43909,CA,USA
43912,OH,USA
43914,LA,USA
43916,MN,USA
43917,FL,USA
43918,MO,USA
43922,PA,USA
43923,SC,USA
43924,LA,USA
43926,MD,USA
43927,PA,USA
43928,NC,USA
43929,CA,USA
43930,IN,USA
43932,PA,USA
43933,ME,USA
43934,TX,USA
43935,CO,USA
43937,AR,USA
43938,IL,USA
43939,TN,USA
43940,NJ,USA
43943,WI,USA
43944,TX,USA
43945,FL,USA
43946,WI,USA
43947,FL,USA
43948,FL,USA
43949,NC,USA
43950,SC,USA
43951,AL,USA
43952,IL,USA
43953,KY,USA
43954,NC,USA
43956,SC,USA
43957,MD,USA
43959,MN,USA
43960,GA,USA
43961,TX,USA
43962,CA,USA
43964,PA,USA
43966,CA,USA
43967,CO,USA
43968,NY,USA
43969,CA,USA
43970,CA,USA
43971,AL,USA
43972,NY,USA
43973,FL,USA
43974,NV,USA
43977,TX,USA
43979,CO,USA
43980,OH,USA
43982,CO,USA
43983,VA,USA
43984,NY,USA
43986,FL,USA
43989,VA,USA
43991,ME,USA
43992,MD,USA
43994,CA,USA
43995,WA,USA
43996,CT,USA
43997,NY,USA
44000,VA,USA
44002,IL,USA
44003,TX,USA
44004,PA,USA
44005,PA,USA
44007,NH,USA
44008,TN,USA
44011,DE,USA
44012,CA,USA
44013,FL,USA
44015,CT,USA
44016,RI,USA
44017,HI,USA
44019,NJ,USA
44020,WI,USA
44022,WV,USA
44023,GA,USA
44024,FL,USA
44025,TX,USA
44026,NY,USA
44027,NY,USA
44029,WI,USA
44030,NJ,USA
44031,FL,USA
44032,TX,USA
44034,IL,USA
44035,PA,USA
44036,AL,USA
44037,CA,USA
44038,GA,USA
44040,NY,USA
44041,NC,USA
44042,NC,USA
44043,FL,USA
44044,TX,USA
44045,FL,USA
44046,HI,USA
44047,NJ,USA
44049,TX,USA
44050,NJ,USA
44052,FL,USA
44053,LA,USA
44054,NM,USA
44056,MD,USA
